label,count,mean,median,std,min,max
person,49,0.020301200302130635,0.016422942275766288,0.0158992852014481,0.0017626294327086958,0.06350767833050773
person_text,8,0.015944512792541842,0.013262559872573593,0.012223248691158302,0.001285862141338054,0.03674573107094769
person_politik,12,0.011267793628170458,0.008531253713976913,0.008725718017724319,0.00231514879864992,0.030918754782193875
person_politik_text,12,0.02286461679739546,0.022482021149432325,0.016753331693287958,0.0012619757328008964,0.05518563004043958
