pair,p_raw,p_fdr,effect_rbc
person vs person_politik,0.0710408739330064,0.29963220830779247,0.34013605442176864
person_politik vs person_politik_text,0.09987740276926416,0.29963220830779247,-0.4027777777777778
person vs person_text,0.5197294541905794,0.6178293536227507,0.1479591836734695
person vs person_politik_text,0.6178293536227507,0.6178293536227507,-0.09523809523809523
person_text vs person_politik,0.4726680955783123,0.6178293536227507,0.20833333333333326
person_text vs person_politik_text,0.4726680955783123,0.6178293536227507,-0.20833333333333337
