label,count,mean,median,std,min,max
meme_politik_text,6,0.03202375783583138,0.03427697978040253,0.011485721774015419,0.015086158805110403,0.045539513895476856
person_politik_text,12,0.02286461679739546,0.022482021149432325,0.016753331693287958,0.0012619757328008964,0.05518563004043958
