pair,p_raw,p_fdr,effect_rbc
meme_politik_text vs person_politik_text,0.1797026502908856,0.1797026502908856,0.41666666666666674
