pair,p_raw,p_fdr,effect_rbc
person vs person_text,0.534559937015688,0.910105580693816,-0.1428571428571429
person vs person_politik,0.33172567296151656,0.910105580693816,-0.18367346938775508
person vs person_politik_text,0.16515837396969568,0.910105580693816,-0.26190476190476186
person_text vs person_politik,0.910105580693816,0.910105580693816,-0.04166666666666663
person_text vs person_politik_text,0.7920774787647853,0.910105580693816,-0.08333333333333337
person_politik vs person_politik_text,0.8398599725400034,0.910105580693816,-0.05555555555555558
