device_time_stamp,system_time_stamp,left_gaze_point_on_display_area,left_gaze_point_in_user_coordinate_system,left_gaze_point_validity,left_pupil_diameter,left_pupil_validity,left_gaze_origin_in_user_coordinate_system,left_gaze_origin_validity,right_gaze_point_on_display_area,right_gaze_point_in_user_coordinate_system,right_gaze_point_validity,right_pupil_diameter,right_pupil_validity,right_gaze_origin_in_user_coordinate_system,right_gaze_origin_validity
1932376075,1892216469,"(0.5056816339492798, 0.23647093772888184)","(4.226006984710693, 233.57041931152344, 78.17566680908203)",1,3.02728271484375,1,"(-72.23312377929688, -59.917606353759766, 718.2245483398438)",1,"(0.5153079032897949, 0.2231491506099701)","(9.55219554901123, 237.466552734375, 79.59370422363281)",1,3.249298095703125,1,"(-10.636444091796875, -67.40984344482422, 722.4913330078125)",1
1932392416,1892232810,"(0.452463299036026, 0.2456616908311844)","(-25.219688415527344, 230.8824462890625, 77.19731903076172)",1,3.04583740234375,1,"(-72.44935607910156, -59.93964767456055, 718.362548828125)",1,"(0.4542660117149353, 0.20392319560050964)","(-24.22226333618164, 243.08941650390625, 81.64021301269531)",1,3.2592926025390625,1,"(-10.917927742004395, -67.41627502441406, 722.652099609375)",1
