pair,p_raw,p_fdr,effect_rbc
meme_politik_text vs person_politik_text,0.08306399482870072,0.08306399482870072,0.5277777777777777
