label,count,mean,median,std,min,max
meme_politik_text,6,0.032023757835831355,0.0342769797804025,0.011485721774015412,0.0150861588051104,0.0455395138954768
person_politik_text,12,0.022864616797395407,0.022482021149432298,0.01675333169328797,0.0012619757328008,0.0551856300404395
