label,count,mean,median,std,min,max
meme,4,0.015110410669713227,0.010613300157008787,0.014140208351012883,0.0035021481562714815,0.03571289420856385
ort,16,0.02810135034091556,0.01727324821871113,0.027162375899741756,0.005229041817038566,0.10653983111966632
person,49,0.020301200302130635,0.016422942275766288,0.0158992852014481,0.0017626294327086958,0.06350767833050773
text,3,0.03820897800483363,0.04716010797781266,0.01742656557889344,0.018125942306194725,0.04934088373049351
