label,count,mean,median,std,min,max
person,49,0.02030120030213059,0.0164229422757662,0.015899285201448104,0.0017626294327086,0.0635076783305077
person_text,8,0.015944512792541787,0.01326255987257355,0.01222324869115829,0.001285862141338,0.0367457310709476
person_politik,12,0.011267793628170408,0.008531253713976849,0.008725718017724303,0.0023151487986499,0.0309187547821938
person_politik_text,12,0.022864616797395407,0.022482021149432298,0.01675333169328797,0.0012619757328008,0.0551856300404395
