label,count,mean,median,std,min,max
meme,4,0.01511041066971315,0.0106133001570087,0.014140208351012902,0.0035021481562714,0.0357128942085638
ort,16,0.02810135034091552,0.0172732482187111,0.027162375899741763,0.0052290418170385,0.1065398311196663
person,49,0.02030120030213059,0.0164229422757662,0.015899285201448104,0.0017626294327086,0.0635076783305077
text,3,0.0382089780048336,0.0471601079778126,0.017426565578893438,0.0181259423061947,0.0493408837304935
