label,count,mean,median,std,min,max
meme,4,0.01511041066971315,0.0106133001570087,0.014140208351012902,0.0035021481562714,0.0357128942085638
ort,16,0.02810135034091552,0.0172732482187111,0.027162375899741763,0.0052290418170385,0.1065398311196663
person,49,0.02030120030213059,0.0164229422757662,0.015899285201448104,0.0017626294327086,0.0635076783305077
text,3,0.0382089780048336,0.0471601079778126,0.017426565578893438,0.0181259423061947,0.0493408837304935
meme_text,14,0.03415033280694877,0.02553955523473125,0.03021430869982489,0.0038077208327909,0.1108159158285529
ort_text,9,0.046431863773275045,0.0279448198784223,0.04175413782237942,0.0083323460840625,0.1223902110616878
politik_text,3,0.04327084634380566,0.0265420846049354,0.047741575328412854,0.0061449050243224,0.0971255494021592
person_text,8,0.015944512792541787,0.01326255987257355,0.01222324869115829,0.001285862141338,0.0367457310709476
