device_time_stamp,system_time_stamp,left_gaze_point_on_display_area,left_gaze_point_in_user_coordinate_system,left_gaze_point_validity,left_pupil_diameter,left_pupil_validity,left_gaze_origin_in_user_coordinate_system,left_gaze_origin_validity,right_gaze_point_on_display_area,right_gaze_point_in_user_coordinate_system,right_gaze_point_validity,right_pupil_diameter,right_pupil_validity,right_gaze_origin_in_user_coordinate_system,right_gaze_origin_validity
6682900288,6656774435,"(0.7627873420715332, 0.5200042724609375)","(146.48263549804688, 150.64773559570312, 47.99422073364258)",1,3.9565582275390625,1,"(-3.7578325271606445, -43.40693283081055, 653.2708129882812)",1,"(0.7595493793487549, 0.5772209763526917)","(144.6910400390625, 133.9140625, 41.9036979675293)",1,3.878204345703125,1,"(58.84250259399414, -41.838008880615234, 650.5577392578125)",1
6682916970,6656791117,"(0.7622732520103455, 0.5213512182235718)","(146.19821166992188, 150.25379943847656, 47.85087966918945)",1,3.9608306884765625,1,"(-4.079888820648193, -43.351139068603516, 653.2596435546875)",1,"(0.7604703903198242, 0.5863028764724731)","(145.20069885253906, 131.2579803466797, 40.93693161010742)",1,3.889495849609375,1,"(58.4857063293457, -41.51390838623047, 650.5694580078125)",1
