device_time_stamp,system_time_stamp,left_gaze_point_on_display_area,left_gaze_point_in_user_coordinate_system,left_gaze_point_validity,left_pupil_diameter,left_pupil_validity,left_gaze_origin_in_user_coordinate_system,left_gaze_origin_validity,right_gaze_point_on_display_area,right_gaze_point_in_user_coordinate_system,right_gaze_point_validity,right_pupil_diameter,right_pupil_validity,right_gaze_origin_in_user_coordinate_system,right_gaze_origin_validity
2896412995,2857339386,"(0.5001114010810852, 0.29495203495025635)","(1.1439692974090576, 216.46693420410156, 71.95047760009766)",1,3.46319580078125,1,"(-11.507548332214355, -5.339699745178223, 673.1014404296875)",1,"(0.49078407883644104, 0.2693274915218353)","(-4.016808986663818, 223.9611358642578, 74.67815399169922)",1,3.812713623046875,1,"(52.61901092529297, -7.388298511505127, 671.1542358398438)",1
2896429704,2857356095,"(0.4988664984703064, 0.2873867154121399)","(0.45519694685935974, 218.6794891357422, 72.75581359863281)",1,3.4507904052734375,1,"(-11.476884841918945, -5.357830047607422, 672.896484375)",1,"(0.4908710718154907, 0.277590274810791)","(-3.968693256378174, 221.54457092285156, 73.79859161376953)",1,3.8137054443359375,1,"(52.63458251953125, -7.396540641784668, 670.93212890625)",1
